epsilon,accuracy,spoof_precision,spoof_recall,spoof_f1
0.0,0.9175,0.9815455594002307,0.851,0.9116229244777718
0.001,0.864,0.9364508393285371,0.781,0.8516902944383861
0.003,0.6345,0.6335650446871897,0.638,0.635774788241156
0.005,0.382,0.4056,0.507,0.45066666666666666
0.01,0.1465,0.2227450980392157,0.284,0.24967032967032968
0.03,0.0575,0.1031390134529148,0.115,0.10874704491725769
0.05,0.046,0.08424908424908426,0.092,0.08795411089866156
0.1,0.058,0.1039426523297491,0.116,0.10964083175803403
