{
    "model": "PyTorch MLP",
    "dataset": "ASVspoof 2019 LA dev balanced subset",
    "accuracy": 0.8955,
    "precision_spoof": 0.8406546080964685,
    "recall_spoof": 0.976,
    "f1_spoof": 0.9032855159648311,
    "n_samples": 2000,
    "n_bonafide": 1000,
    "n_spoof": 1000
}