model,accuracy,spoof_precision,spoof_recall,spoof_f1
Random Forest,0.91,0.9408602150537635,0.875,0.9067357512953368
PyTorch MLP,0.9875,0.9899497487437185,0.985,0.9874686716791979
