{
    "model": "Multi-Epsilon Adversarially Trained Spectrogram CNN",
    "feature_type": "mel_spectrogram",
    "defense": "multi-epsilon FGSM adversarial training",
    "adversarial_training_epsilons": [
        0.001,
        0.003,
        0.005,
        0.01
    ],
    "epochs": 20,
    "best_epoch": 18,
    "best_val_accuracy": 0.9875,
    "accuracy": 0.9875,
    "precision_spoof": 0.9850746268656716,
    "recall_spoof": 0.99,
    "f1_spoof": 0.9875311720698254,
    "train_samples": 1600,
    "validation_samples": 400,
    "input_shape": [
        1,
        128,
        128
    ],
    "epoch_epsilon_usage": {
        "1": {
            "0.001": 19,
            "0.003": 13,
            "0.005": 11,
            "0.01": 7
        },
        "2": {
            "0.001": 8,
            "0.003": 16,
            "0.005": 13,
            "0.01": 13
        },
        "3": {
            "0.001": 13,
            "0.003": 13,
            "0.005": 13,
            "0.01": 11
        },
        "4": {
            "0.001": 16,
            "0.003": 15,
            "0.005": 6,
            "0.01": 13
        },
        "5": {
            "0.001": 16,
            "0.003": 13,
            "0.005": 8,
            "0.01": 13
        },
        "6": {
            "0.001": 15,
            "0.003": 11,
            "0.005": 17,
            "0.01": 7
        },
        "7": {
            "0.001": 10,
            "0.003": 17,
            "0.005": 14,
            "0.01": 9
        },
        "8": {
            "0.001": 10,
            "0.003": 9,
            "0.005": 16,
            "0.01": 15
        },
        "9": {
            "0.001": 10,
            "0.003": 15,
            "0.005": 8,
            "0.01": 17
        },
        "10": {
            "0.001": 9,
            "0.003": 13,
            "0.005": 8,
            "0.01": 20
        },
        "11": {
            "0.001": 16,
            "0.003": 12,
            "0.005": 13,
            "0.01": 9
        },
        "12": {
            "0.001": 8,
            "0.003": 9,
            "0.005": 14,
            "0.01": 19
        },
        "13": {
            "0.001": 9,
            "0.003": 13,
            "0.005": 19,
            "0.01": 9
        },
        "14": {
            "0.001": 15,
            "0.003": 13,
            "0.005": 9,
            "0.01": 13
        },
        "15": {
            "0.001": 12,
            "0.003": 8,
            "0.005": 14,
            "0.01": 16
        },
        "16": {
            "0.001": 12,
            "0.003": 11,
            "0.005": 11,
            "0.01": 16
        },
        "17": {
            "0.001": 10,
            "0.003": 9,
            "0.005": 13,
            "0.01": 18
        },
        "18": {
            "0.001": 10,
            "0.003": 13,
            "0.005": 12,
            "0.01": 15
        },
        "19": {
            "0.001": 12,
            "0.003": 11,
            "0.005": 18,
            "0.01": 9
        },
        "20": {
            "0.001": 13,
            "0.003": 9,
            "0.005": 13,
            "0.01": 15
        }
    }
}